date,date_local,source,title,link,lang,ranking
2025-10-16 20:49:43.481882+00:00,2025-10-16 22:49:43.481882+02:00,energyconnects_europe,The next era of global energy security is fuelled by LNG flexibilityThought Leadership,https://www.energyconnects.com/opinion/thought-leadership/2025/august/lng-flexibility-is-powering-the-next-era-of-global-energy-security/,en,4
2025-10-16 20:49:43.481882+00:00,2025-10-16 22:49:43.481882+02:00,energyconnects_europe,A strategic bet on carbon capture in the face of surging energy demandsFeatures,https://www.energyconnects.com/opinion/features/2025/september/a-strategic-bet-on-carbon-capture-in-the-face-of-surging-energy-demands/,en,4
2025-10-16 20:49:43.481882+00:00,2025-10-16 22:49:43.481882+02:00,energyconnects_europe,The World’s Largest Battery Made of Bricks Turns On in CaliforniaRondo Energy’s heat battery is helping power enhanced oil recovery.,https://www.energyconnects.com/news/renewables/2025/october/the-world-s-largest-battery-made-of-bricks-turns-on-in-california/,en,4
2025-10-16 20:49:43.481882+00:00,2025-10-16 22:49:43.481882+02:00,energyconnects_europe,Russia Set to Keep LNG Flowing to China Despite UK SanctionsBlacklisted Russian liquefied natural gas shipments are poised to keep entering China as both countries seem prepared to circumvent the UK’s latest sanctions.,https://www.energyconnects.com/news/gas-lng/2025/october/russia-set-to-keep-lng-flowing-to-china-despite-uk-sanctions/,en,1
2025-10-16 20:49:43.481882+00:00,2025-10-16 22:49:43.481882+02:00,energyconnects_europe,European Power Prices Turn Negative as Storm Boosts Wind OutputUtilities,https://www.energyconnects.com/news/utilities/2025/october/uk-power-slumps-below-zero-as-storm-amy-lashes-britain/,en,4
2025-10-16 20:49:43.481882+00:00,2025-10-16 22:49:43.481882+02:00,energyconnects_europe,Exxon Doubles London Energy Trading Operation With Hiring SpreeGas & LNG,https://www.energyconnects.com/news/gas-lng/2025/september/exxon-doubles-london-energy-trading-operation-with-hiring-spree/,en,4
2025-10-16 20:49:43.481882+00:00,2025-10-16 22:49:43.481882+02:00,energyconnects_europe,Oxy Executive Says Direct Air Capture Model Isn’t Bankable NowRenewables,https://www.energyconnects.com/news/renewables/2025/september/oxy-executive-says-direct-air-capture-model-isn-t-bankable-now/,en,5
2025-10-16 20:49:43.481882+00:00,2025-10-16 22:49:43.481882+02:00,energyconnects_gaslng,"Indian State Refiners Aim to Buy More LPG From US as Part of Planned DealIndia’s state-owned refiners intend to buy more liquefied petroleum gas from the US at the expense of Middle Eastern supplies as part of a planned trade deal, people familiar with the companies’ plans said.",https://www.energyconnects.com/news/gas-lng/2025/october/indian-state-refiners-aim-to-buy-more-lpg-from-us-as-part-of-planned-deal/,en,4
2025-10-16 20:49:43.481882+00:00,2025-10-16 22:49:43.481882+02:00,energyconnects_gaslng,"Energy Transfer Delays Lake Charles LNG Project Decision to 2026Energy Transfer LP has pushed back its targeted final investment decision for the proposed Lake Charles liquefied natural gas export project in Louisiana to the first quarter of 2026 from the end of this year, according to people familiar with the matter.",https://www.energyconnects.com/news/gas-lng/2025/october/energy-transfer-delays-lake-charles-lng-project-decision-to-2026/,en,3
2025-10-16 20:49:43.481882+00:00,2025-10-16 22:49:43.481882+02:00,energyconnects_h2,OpinionHydrogen’s headline moment requires demand growth and regulatory certainty to scale,https://www.energyconnects.com/opinion/features/2025/september/hydrogen-s-headline-moment-requires-demand-growth-and-regulatory-certainty-to-scale/,en,4
2025-10-16 20:49:43.481882+00:00,2025-10-16 22:49:43.481882+02:00,energyconnects_h2,SponsoredBlue hydrogen at scale: Technip Energies' blueprint for low-carbon transformation,https://www.energyconnects.com/opinion/thought-leadership/2025/september/blue-hydrogen-at-scale-technip-energies-blueprint-for-low-carbon-transformation/,en,1
2025-10-16 20:49:43.481882+00:00,2025-10-16 22:49:43.481882+02:00,energyconnects_h2,"OpinionDriving energy security, resilience and leadership for a changing world",https://www.energyconnects.com/opinion/interviews/2025/september/driving-energy-security-resilience-and-leadership-for-a-changing-world/,en,4
2025-10-16 20:49:43.481882+00:00,2025-10-16 22:49:43.481882+02:00,energyconnects_h2,OpinionNamibia positions itself as Africa’s green hydrogen powerhouse,https://www.energyconnects.com/opinion/interviews/2025/july/namibia-positions-itself-as-africa-s-green-hydrogen-powerhouse/,en,1
2025-10-16 20:49:43.481882+00:00,2025-10-16 22:49:43.481882+02:00,energyconnects_h2,SponsoredDriving decarbonisation of the gas and hydrogen industries with scalable solutions,https://www.energyconnects.com/opinion/interviews/2025/september/driving-decarbonisation-of-the-gas-and-hydrogen-industries-with-scalable-solutions/,en,2
2025-10-16 20:49:43.481882+00:00,2025-10-16 22:49:43.481882+02:00,energyconnects_h2,OpinionGastech 2025 brings together the voices defining the energy transition,https://www.energyconnects.com/opinion/features/2025/september/gastech-2025-brings-together-the-voices-defining-the-energy-transition/,en,4
2025-10-16 20:49:43.481882+00:00,2025-10-16 22:49:43.481882+02:00,energyconnects_h2,OpinionNamibia’s green hydrogen programme: supporting the growth of a new industry,https://www.energyconnects.com/opinion/interviews/2025/september/namibia-s-green-hydrogen-programme-supporting-the-growth-of-a-new-industry/,en,1
2025-10-16 20:49:43.481882+00:00,2025-10-16 22:49:43.481882+02:00,energyconnects_h2,OpinionUnlocking capital for Africa’s green hydrogen economy,https://www.energyconnects.com/opinion/interviews/2025/september/unlocking-capital-for-africa-s-green-hydrogen-economy/,en,1
2025-10-16 20:49:43.481882+00:00,2025-10-16 22:49:43.481882+02:00,energyconnects_h2,OpinionNamibia eyes green hydrogen leadership,https://www.energyconnects.com/opinion/interviews/2025/september/namibia-eyes-green-hydrogen-leadership/,en,1
2025-10-16 20:49:43.481882+00:00,2025-10-16 22:49:43.481882+02:00,energyconnects_h2,"Trump Administration Eyes $12 Billion in New Energy Project CutsThe Trump administration is considering canceling about $12 billion in energy projects, including funding for hydrogen ventures backed by US oil majors, according to a list seen by Bloomberg.Renewables",https://www.energyconnects.com/news/renewables/2025/october/trump-administration-eyes-12-billion-in-new-energy-project-cuts/,en,4
2025-10-16 20:49:43.481882+00:00,2025-10-16 22:49:43.481882+02:00,energyconnects_h2,"NewsWoodside, JSE, KEPCO partner to build Australia–Japan liquid hydrogen supply chain",https://www.energyconnects.com/news/gas-lng/2025/september/woodside-jse-kepco-partner-to-build-australia-japan-liquid-hydrogen-supply-chain/,en,1
2025-10-16 20:49:43.481882+00:00,2025-10-16 22:49:43.481882+02:00,energyconnects_h2,NewsVenture Capitalists Band Together in New Bid to Back Climate Tech,https://www.energyconnects.com/news/renewables/2025/september/venture-capitalists-band-together-in-new-bid-to-back-climate-tech/,en,5
2025-10-16 20:49:43.481882+00:00,2025-10-16 22:49:43.481882+02:00,energyconnects_ren,"US Awards $1.6 Billion in Financing for AEP Transmission ProjectThe Trump administration has finalized $1.6 billion in financing for an American Electric Power Co. subsidiary to upgrade 5,000 miles of utility transmission lines across five states.",https://www.energyconnects.com/news/renewables/2025/october/us-awards-1-6-billion-in-financing-for-aep-transmission-project/,en,4
2025-10-16 20:49:43.481882+00:00,2025-10-16 22:49:43.481882+02:00,energyconnects_ren,Nvidia Partners in $2.9 Billion Australia Data Center DriveNvidia Corp. is partnering with Australian startup Firmus Technologies Ltd. to create a massive fleet of renewable energy-powered artificial intelligence data centers across the country.,https://www.energyconnects.com/news/renewables/2025/october/nvidia-partners-in-2-9-billion-australia-data-center-drive/,en,4
2025-10-16 00:02:29+00:00,2025-10-16 02:02:29+02:00,elespanol_energy_news,"Así consiguió California evitar sus apagones por el exceso de fotovoltaica: la clave está en las ""rampas"" y las gigabaterías",https://www.elespanol.com/invertia/empresas/energia/20251016/consiguio-california-evitar-apagones-exceso-fotovoltaica-clave-rampas-gigabaterias/1003743971055_0.html,es,5
2025-10-15 00:07:19+00:00,2025-10-15 02:07:19+02:00,elespanol_energy_news,Las grandes eléctricas vuelven a enfrentarse a REE y plantean a la CNMC un plan alternativo para evitar apagones,https://www.elespanol.com/invertia/empresas/energia/20251015/grandes-electricas-vuelven-enfrentarse-ree-plantean-cnmc-plan-alternativo-evitar-apagones/1003743969356_0.html,es,5
2025-10-16 15:16:08+00:00,2025-10-16 17:16:08+02:00,elespanol_energy_news,"EDP acelera el crecimiento en Australia con 1,7 GW de proyectos solares y de almacenamiento",https://www.elespanol.com/invertia/empresas/energia/20251016/edp-acelera-crecimiento-australia-gw-proyectos-solares-almacenamiento/1003743972646_0.html,es,5
2025-10-16 14:19:23+00:00,2025-10-16 16:19:23+02:00,elespanol_energy_news,Endesa inaugura en Gran Canaria su primera planta solar hibridada con sistema de baterías de litio en España,https://www.elespanol.com/invertia/empresas/energia/20251016/endesa-inaugura-gran-canaria-primera-planta-solar-hibridada-sistema-baterias-litio-espana/1003743972501_0.html,es,2
2025-10-15 15:03:16+00:00,2025-10-15 17:03:16+02:00,elespanol_energy_news,"La fotovoltaica se posiciona como ventaja competitiva, motor de industrialización y garante de la seguridad",https://www.elespanol.com/invertia/empresas/energia/20251015/fotovoltaica-posiciona-ventaja-competitiva-motor-industrializacion-garante-seguridad/1003743970791_0.html,es,5
2025-10-15 00:06:33+00:00,2025-10-15 02:06:33+02:00,elespanol_energy_news,España vuelve a compartir con Venezuela y Rusia el podio mundial de impagos arbitrales: 22 laudos y 1.600 millones,https://www.elespanol.com/invertia/empresas/energia/20251015/espana-vuelve-compartir-venezuela-rusia-podio-mundial-impagos-arbitrales-laudos-millones/1003743969195_0.html,es,2
2025-10-14 14:31:48+00:00,2025-10-14 16:31:48+02:00,elespanol_energy_news,"La CNMC se reúne con Endesa, Iberdrola, Naturgy y REE para abordar la situación del sistema ante el riesgo de otro apagón",https://www.elespanol.com/invertia/empresas/energia/20251014/cnmc-reune-endesa-iberdrola-naturgy-ree-abordar-situacion-sistema-riesgo-apagon/1003743968900_0.html,es,5
2025-10-14 00:00:23+00:00,2025-10-14 02:00:23+02:00,elespanol_energy_news,La aprobación de las medidas urgentes para evitar apagones alentará a las comercializadoras a subir las tarifas fijas,https://www.elespanol.com/invertia/empresas/energia/20251014/aprobacion-medidas-urgentes-evitar-apagones-alentara-comercializadoras-subir-tarifas-fijas/1003743967518_0.html,es,5
2025-10-16 15:08:56+00:00,2025-10-16 17:08:56+02:00,elespanol_energy_news,BBVA apoya una declaración de CEOs de Davos sobre el potencial económico de la descarbonización,https://www.elespanol.com/invertia/empresas/energia/20251016/bbva-apoya-declaracion-ceos-davos-potencial-economico-descarbonizacion/1003743972586_0.html,es,5
2025-10-16 14:38:18+00:00,2025-10-16 16:38:18+02:00,elespanol_energy_news,Cox prevé invertir 5.500M€ y multiplicar por 8 el valor de su acción para 2028 gracias al impulso de Iberdrola México,https://www.elespanol.com/invertia/empresas/20251016/cox-preve-invertir-multiplicar-valor-accion-gracias-impulso-iberdrola-mexico/1003743972394_0.html,es,5
2025-10-15 00:06:37+00:00,2025-10-15 02:06:37+02:00,elespanol_energy_news,"La CNMC da “migajas” a las distribuidoras de electricidad y se mantiene ‘tozuda’ en la retribución del 6,46%",https://www.elespanol.com/invertia/empresas/energia/20251015/cnmc-da-migajas-distribuidoras-electricidad-mantiene-tozuda-retribucion/1003743969365_0.html,es,5
2025-10-14 14:47:03+00:00,2025-10-14 16:47:03+02:00,elespanol_energy_news,El Gobierno modifica la regulación para garantizar la rentabilidad de las renovables en precios cero,https://www.elespanol.com/invertia/empresas/energia/20251014/gobierno-modifica-regulacion-garantizar-rentabilidad-renovables-precios-cero/1003743969039_0.html,es,4
2025-10-14 10:37:57+00:00,2025-10-14 12:37:57+02:00,elespanol_energy_news,La AIE prevé un creciente superávit de petróleo en el mercado internacional,https://www.elespanol.com/invertia/empresas/energia/20251014/aie-preve-creciente-superavit-petroleo-mercado/1003743968438_0.html,es,5
2025-10-14 00:00:24+00:00,2025-10-14 02:00:24+02:00,elespanol_energy_news,La justicia de Estados Unidos reabre el caso Abengoa por las acusaciones de fraude contable de sus accionistas,https://www.elespanol.com/invertia/empresas/energia/20251014/justicia-unidos-reabre-caso-abengoa-acusaciones-fraude-contable-accionistas/1003743967559_0.html,es,5
2025-10-16 14:42:24+00:00,2025-10-16 16:42:24+02:00,energiaoltre_news,"Salvini lancia la rivoluzione sui porti: ""Serve una regia unica nazionale""",https://energiaoltre.it/salvini-lancia-la-rivoluzione-sui-porti-serve-una-regia-unica-nazionale/,it,5
2025-10-16 13:48:07+00:00,2025-10-16 15:48:07+02:00,energiaoltre_news,"Pichetto dichiara guerra al caro-energia: ""Via lo spread tra il gas italiano e quello europeo""",https://energiaoltre.it/pichetto-dichiara-guerra-al-caro-energia-via-lo-spread-tra-il-gas-italiano-e-quello-europeo/,it,1
2025-10-16 11:13:17+00:00,2025-10-16 13:13:17+02:00,energiaoltre_news,"Manovra 2026, stangata sul diesel: il Governo aumenta le accise. Calano sulla benzina",https://energiaoltre.it/manovra-2026-stangata-sul-diesel-il-governo-aumenta-le-accise-calano-sulla-benzina-3/,it,5
2025-10-16 10:52:37+00:00,2025-10-16 12:52:37+02:00,energiaoltre_news,"Dal Fabbro (Iren), allarme sull’idroelettrico: “Metterlo a gara è una stupidità, è la nostra riserva nazionale”",https://energiaoltre.it/dal-fabbro-iren-allarme-sullidroelettrico-metterlo-a-gara-e-una-stupidita-e-la-nostra-riserva-nazionale/,it,5
2025-10-16 14:12:25+00:00,2025-10-16 16:12:25+02:00,energiaoltre_news,Stop a gas e petrolio russo dal 2026: gli Eurodeputati votano per il divieto totale,https://energiaoltre.it/stop-a-gas-e-petrolio-russo-dal-2026-gli-eurodeputati-votano-per-il-divieto-totale/,it,1
2025-10-16 13:30:02+00:00,2025-10-16 15:30:02+02:00,energiaoltre_news,La von der Leyen lancia il Patto per il Mediterraneo: “Un futuro comune di pace e prosperità”,https://energiaoltre.it/la-von-der-leyen-lancia-il-patto-per-il-mediterraneo-un-futuro-comune-di-pace-e-prosperita/,it,5
2025-10-16 11:09:11+00:00,2025-10-16 13:09:11+02:00,energiaoltre_news,Le novità edilizie della Legge di Bilancio: agevolazioni ridotte per il sismabonus. Prorogato bonus casa,https://energiaoltre.it/le-novita-edilizie-della-legge-di-bilancio-agevolazioni-ridotte-per-il-sismabonus-prorogato-bonus-casa/,it,5
2025-10-16 09:09:39+00:00,2025-10-16 11:09:39+02:00,energiaoltre_news,"In Italia investimenti sulla rete oltre 4,8 miliardi, l’86% per la transizione: lo studio Deloitte",https://energiaoltre.it/in-italia-investimenti-sulla-rete-oltre-48-miliardi-l86-per-la-transizione-lo-studio-deloitte/,it,3
2025-10-15 11:02:59+00:00,2025-10-15 13:02:59+02:00,energiaoltre_news,Ungheria sfida la UE: “Mai senza il gas russo. Pressioni di Bruxelles? Follia pura”,https://energiaoltre.it/ungheria-sfida-la-ue-mai-senza-il-gas-russo-pressioni-di-bruxelles-follia-pura/,it,1
2025-10-15 06:45:19+00:00,2025-10-15 08:45:19+02:00,energiaoltre_news,"Incentivi auto elettriche, slitta il click day? No, ecco la vera data: 22 ottobre",https://energiaoltre.it/incentivi-auto-elettriche-slitta-il-click-day-no-ecco-la-vera-data-22-ottobre/,it,4
2025-10-14 10:06:41+00:00,2025-10-14 12:06:41+02:00,energiaoltre_news,"Auto elettrica, allarme rosso dall’Europa: “Senza incentivi la transizione fallisce”",https://energiaoltre.it/auto-elettrica-allarme-rosso-dalleuropa-senza-incentivi-la-transizione-fallisce/,it,3
2025-10-14 06:31:47+00:00,2025-10-14 08:31:47+02:00,energiaoltre_news,Perché l’attacco di Hoekstra alla Cina rischia di compromettere la COP30,https://energiaoltre.it/perche-lattacco-di-hoekstra-alla-cina-fa-vacillare-la-cop30/,it,5
2025-10-15 12:04:01+00:00,2025-10-15 14:04:01+02:00,energiaoltre_news,Stellantis pressata da Trump investe 13 miliardi di dollari in Usa. La Cina si mangia pezzi di mercato in Ue,https://energiaoltre.it/stellantis-pressata-da-trump-investe-13-miliardi-di-dollari-in-usa-la-cina-si-mangia-pezzi-di-mercato-in-ue/,it,5
2025-10-14 11:04:10+00:00,2025-10-14 13:04:10+02:00,energiaoltre_news,L’appello di AIGET alle istituzioni: “per abbassare i prezzi dell’energia servono iniziative strutturali”,https://energiaoltre.it/lappello-di-aiget-alle-istituzioni-per-abbassare-i-prezzi-dellenergia-servono-iniziative-strutturali/,it,4
2025-10-15 14:37:07+00:00,2025-10-15 16:37:07+02:00,energiaoltre_news,Ecco come la transizione energetica cambierà le infrastrutture. Il Green & Net Zero Talk,https://energiaoltre.it/transizione-infrastrutture/,it,3
2025-10-16 12:00:00+00:00,2025-10-16 14:00:00+02:00,iea_news,NewsNew podcast episode explores Southeast Asia’s growing energy importance16 October 2025,https://www.iea.org/news/new-podcast-episode-explores-southeast-asia-s-growing-energy-importance,en,4
2025-10-16 20:49:43.481882+00:00,2025-10-16 22:49:43.481882+02:00,energy_ec_eu_news,EU's new strategy to shape a global clean and resilient transition,https://ec.europa.eu/commission/presscorner/detail/en/ip_25_2389,en,4
2025-10-16 20:49:43.481882+00:00,2025-10-16 22:49:43.481882+02:00,energy_ec_eu_news,EU partners up with local authorities to lead on climate-neutral future,https://energy.ec.europa.eu/news/eu-partners-local-authorities-lead-climate-neutral-future-2025-10-15_en,en,5
2025-10-16 20:49:43.481882+00:00,2025-10-16 22:49:43.481882+02:00,energy_ec_eu_news,Commissioner Jørgensen hosts high-level implementation dialogue on energy efficient product regulation,https://energy.ec.europa.eu/news/commissioner-jorgensen-hosts-high-level-implementation-dialogue-energy-efficient-product-regulation-2025-10-15_en,en,4
2025-10-16 20:49:43.481882+00:00,2025-10-16 22:49:43.481882+02:00,energy_ec_eu_news,In focus: Hydrogen,https://energy.ec.europa.eu/news/focus-hydrogen-2025-10-14_en,en,1
2025-10-16 20:49:43.481882+00:00,2025-10-16 22:49:43.481882+02:00,energy_ec_eu_news,5 things you should know about biogas and biomethane,https://energy.ec.europa.eu/news/5-things-you-should-know-about-biogas-and-biomethane-2025-10-09_en,en,1
2025-10-16 20:49:43.481882+00:00,2025-10-16 22:49:43.481882+02:00,energy_ec_eu_news,EU framework for calculating the global warming potential of new buildings,https://ec.europa.eu/info/law/better-regulation/have-your-say/initiatives/14604-EU-framework-for-calculating-the-global-warming-potential-of-new-buildings_en,en,5
2025-10-16 20:49:43.481882+00:00,2025-10-16 22:49:43.481882+02:00,energy_ec_eu_news,Energy efficiency awareness,https://energy.ec.europa.eu/topics/energy-efficiency/new-impetus-energy-efficiency/energy-efficiency-awareness_en,en,4
2025-10-16 20:49:43.481882+00:00,2025-10-16 22:49:43.481882+02:00,energy_ec_eu_news,Affordable Energy,https://energy.ec.europa.eu/strategy/affordable-energy_en,en,4
2025-10-16 20:49:43.481882+00:00,2025-10-16 22:49:43.481882+02:00,energy_ec_eu_news,Energy label and ecodesign,https://commission.europa.eu/energy-climate-change-environment/standards-tools-and-labels/products-labelling-rules-and-requirements/energy-label-and-ecodesign_en,en,4
2025-10-16 20:49:43.481882+00:00,2025-10-16 22:49:43.481882+02:00,energy_ec_eu_news,Smart Readiness Indicator 4th joint event,https://energy.ec.europa.eu/events/smart-readiness-indicator-4th-joint-event-2025-10-22_en,en,5
2025-10-16 20:49:43.481882+00:00,2025-10-16 22:49:43.481882+02:00,energy_ec_eu_news,Power of participation - advancing public engagement in grid planning,https://energy.ec.europa.eu/events/power-participation-advancing-public-engagement-grid-planning-2025-10-23_en,en,4
2025-10-16 20:49:43.481882+00:00,2025-10-16 22:49:43.481882+02:00,energy_ec_eu_news,19th SET Plan Conference,https://energy.ec.europa.eu/events/19th-set-plan-conference-2025-11-04_en,fr,5
2025-10-16 20:49:43.481882+00:00,2025-10-16 22:49:43.481882+02:00,energy_ec_eu_news,Stakeholder consultation on the Electrification Action Plan and the Heating and Cooling Strategy,https://energy.ec.europa.eu/events/stakeholder-consultation-electrification-action-plan-and-heating-and-cooling-strategy-2025-11-07_en,en,5
2025-10-16 20:49:43.481882+00:00,2025-10-16 22:49:43.481882+02:00,cinea_news,Accelerating LIFE SECURDOMINO’s market readiness with Close-to-Market support,https://cinea.ec.europa.eu/news-events/news/accelerating-life-securdominos-market-readiness-close-market-support-2025-10-15_en,en,5
2025-10-16 20:49:43.481882+00:00,2025-10-16 22:49:43.481882+02:00,cinea_news,Four new projects launched to advance sustainable algae farming and blue innovation hubs,https://cinea.ec.europa.eu/news-events/news/four-new-projects-launched-advance-sustainable-algae-farming-and-blue-innovation-hubs-2025-10-13_en,en,5
2025-10-16 20:49:43.481882+00:00,2025-10-16 22:49:43.481882+02:00,cinea_news,LIFE: securing a brighter future for lesser white fronted geese,https://cinea.ec.europa.eu/news-events/news/life-securing-brighter-future-lesser-white-fronted-geese-2025-10-13_en,en,5
2025-10-16 20:49:43.481882+00:00,2025-10-16 22:49:43.481882+02:00,cinea_news,Commission publishes Terms and Conditions for the first pilot auction for industrial heat decarbonisation with a budget of €1 billion,https://climate.ec.europa.eu/news-other-reads/news/commission-publishes-terms-and-conditions-first-pilot-auction-industrial-heat-decarbonisation-budget-2025-10-10_en,en,4
2025-10-16 20:49:43.481882+00:00,2025-10-16 22:49:43.481882+02:00,cinea_news,Step-WISE adopter workshops,https://cinea.ec.europa.eu/news-events/events/step-wise-adopter-workshops-2025-09-10_en,en,5
2025-10-16 20:49:43.481882+00:00,2025-10-16 22:49:43.481882+02:00,cinea_news,Just Transition Platform Conference: 5th Anniversary,https://cinea.ec.europa.eu/news-events/events/just-transition-platform-conference-5th-anniversary-2025-10-21_en,en,5
2025-10-16 20:49:43.481882+00:00,2025-10-16 22:49:43.481882+02:00,cinea_news,Eight years of climate change adaptation: the impact of the LIFE-IP NAdapta-CC project,https://cinea.ec.europa.eu/news-events/events/eight-years-climate-change-adaptation-impact-life-ip-nadapta-cc-project-2025-10-24_en,en,3
2025-10-16 20:49:43.481882+00:00,2025-10-16 22:49:43.481882+02:00,cinea_news,Networking Meeting – Addressing Ammonia Emissions in Agriculture under the Revised Industrial Emissions Directive (IED 2.0),https://cinea.ec.europa.eu/news-events/events/networking-meeting-addressing-ammonia-emissions-agriculture-under-revised-industrial-emissions-2025-10-28_en,en,2
2025-10-16 20:49:43.481882+00:00,2025-10-16 22:30:15+02:00,Jornal Económico,Ministro diz que lista indevida de estudantes de Medicina deve ter consequências,https://jornaleconomico.sapo.pt/noticias/ministro-diz-que-lista-indevida-de-estudantes-de-medicina-deve-ter-consequencias/,es,5
2025-10-16 20:49:43.481882+00:00,2025-10-16 22:14:16+02:00,Jornal Económico,BBVA diz que enfrenta futuro “com confiança” após fracasso de OPA ao Sabadell,https://jornaleconomico.sapo.pt/noticias/bbva-diz-que-enfrenta-futuro-com-confianca-apos-fracasso-de-opa-ao-sabadell/,es,5
2025-10-16 20:49:43.481882+00:00,2025-10-16 21:45:07+02:00,nouvelobs_economie,"Etre prof de philo en 2025 : « Au lieu d’aider les élèves, l’intelligence artificielle va les fragiliser »",https://www.nouvelobs.com/societe/20251016.OBS108812/etre-prof-de-philo-en-2025-au-lieu-d-aider-les-eleves-l-intelligence-artificielle-va-les-fragiliser.html,fr,5
2025-10-16 20:49:43.481882+00:00,2025-10-16 21:44:02+02:00,nouvelobs_economie,"En une journée, Bernard Arnault a engrangé 16 milliards d’euros",https://www.nouvelobs.com/economie/20251016.OBS108840/en-une-journee-bernard-arnault-a-engrange-16-milliards-d-euros.html,fr,5
2025-10-16 20:49:43.481882+00:00,2025-10-16 21:30:24+02:00,Jornal Económico,CAP e Continente fazem parceria estratégica para reforçar cadeia agroalimentar,https://jornaleconomico.sapo.pt/noticias/cap-e-continente-fazem-parceria-estrategica-para-reforcar-cadeia-agroalimentar/,es,5
2025-10-16 20:49:43.481882+00:00,2025-10-16 21:11:38+02:00,Jornal Económico,Exercício de afetação de meios e pessoas penaliza Menzies no concurso do handling,https://jornaleconomico.sapo.pt/noticias/exercicio-de-afetacao-de-meios-e-pessoas-penaliza-menzies-no-concurso-do-handling/,es,5
2025-10-16 20:49:43.481882+00:00,2025-10-16 21:07:56+02:00,Jornal Económico,Comissão Europeia vai lançar rede europeia de centros compreensivos de cancro,https://jornaleconomico.sapo.pt/noticias/comissao-europeia-vai-lancar-rede-europeia-de-centros-compreensivos-de-cancro/,es,5
2025-10-16 20:49:43.481882+00:00,2025-10-16 21:07:32+02:00,Jornal Económico,"PSI fecha no ‘verde’, impulsionado pela Teixeira Duarte",https://jornaleconomico.sapo.pt/noticias/psi-fecha-no-verde-impulsionado-pela-teixeira-duarte-3/,es,1
2025-10-16 20:49:43.481882+00:00,2025-10-16 20:47:15+02:00,Jornal Económico,BBVA falha OPA do Sabadell ao não atingir os 30%,https://jornaleconomico.sapo.pt/noticias/bbva-falha-opa-do-sabadell-ao-nao-atingir-os-30/,en,5
2025-10-16 20:49:43.481882+00:00,2025-10-16 19:52:29+02:00,Jornal Económico,Ucrânia: Trump anuncia reunião com Putin em Budapeste sem especificar data,https://jornaleconomico.sapo.pt/noticias/ucrania-trump-anuncia-reuniao-com-putin-em-budapeste-sem-especificar-data/,es,4
2025-10-16 20:49:43.481882+00:00,2025-10-16 19:06:47+02:00,Jornal Económico,Microsoft Portugal avança com despedimento coletivo de 68 trabalhadores,https://jornaleconomico.sapo.pt/noticias/microsoft-portugal-avanca-com-despedimento-coletivo-de-68-trabalhadores/,es,5
2025-10-16 20:49:43.481882+00:00,2025-10-16 18:30:59+02:00,Jornal Económico,Pérez-Llorca reforça escritório de Lisboa com a integração de Sébastien Coquard como sócio,https://jornaleconomico.sapo.pt/noticias/perez-llorca-reforca-escritorio-de-lisboa-com-a-integracao-de-sebastien-coquard-como-socio/,es,5
2025-10-16 20:49:43.481882+00:00,2025-10-16 18:02:19+02:00,staffettaquotidiana,"Aeroporto di Malpensa, corto di jet fuel",https://www.staffettaonline.com/articolo.aspx?id=399073,it,5
2025-10-16 20:49:43.481882+00:00,2025-10-16 17:38:03+02:00,staffettaquotidiana,"Parco agrisolare, cambiano i criteri di rendicontazione",https://www.staffettaonline.com/articolo.aspx?id=399072,it,5
2025-10-16 20:49:43.481882+00:00,2025-10-16 17:09:21+02:00,staffettaquotidiana,Presentazione alla Luiss di Super!,https://www.staffettaonline.com/articolo.aspx?id=399071,it,5
2025-10-16 20:49:43.481882+00:00,2025-10-16 16:47:04+02:00,staffettaquotidiana,"Mezzi pesanti, il Gnl prova a rialzare la testa",https://www.staffettaonline.com/articolo.aspx?id=399069,it,1
2025-10-16 20:49:43.481882+00:00,2025-10-16 16:44:21+02:00,staffettaquotidiana,Gozzi (Federacciai): stop all'Ets sul termoelettrico,https://www.staffettaonline.com/articolo.aspx?id=399070,it,5
2025-10-16 20:49:43.481882+00:00,2025-10-16 16:31:54+02:00,bioenergy_news,Gas Networks Ireland to connect €50m Kildare biomethane plant to national network,https://www.bioenergy-news.com/news/gas-networks-ireland-to-connect-e50m-kildare-biomethane-plant-to-national-network/,en,1
2025-10-16 20:49:43.481882+00:00,2025-10-16 16:14:02+02:00,staffettaquotidiana,"Elettricità, Calenda interroga Pichetto sugli utili di Tso e Dso",https://www.staffettaonline.com/articolo.aspx?id=399065,it,5
2025-10-16 20:49:43.481882+00:00,2025-10-16 16:01:59+02:00,Energy_Storage,SB Energy receives CEC grant to purchase Fluence batteries for portion of 1.6GWh Riverside County BESS,https://www.energy-storage.news/sb-energy-receives-cec-grant-to-purchase-fluence-batteries-for-portion-of-1-6gwh-riverside-county-bess/,en,4
2025-10-16 20:49:43.481882+00:00,2025-10-16 16:00:00+02:00,eia_energy,North America's LNG export capacity could more than double by 2029,https://www.eia.gov/todayinenergy/detail.php?id=66384,en,5
2025-10-16 20:49:43.481882+00:00,2025-10-16 15:52:28+02:00,nouvelobs_economie,« Effort supplémentaire » ou « panier percé » : le budget Lecornu va-t-il (vraiment) taxer les riches ?,https://www.nouvelobs.com/economie/20251016.OBS108816/effort-supplementaire-ou-panier-perce-le-budget-lecornu-va-t-il-vraiment-taxer-les-riches.html,fr,5
2025-10-16 20:49:43.481882+00:00,2025-10-16 15:41:17+02:00,Energy_Storage,Fluence supplies US-made BESS solution to 640MWh project in Arizona,https://www.energy-storage.news/fluence-supplies-us-made-bess-solution-to-640mwh-project-in-arizona/,en,3
2025-10-16 20:49:43.481882+00:00,2025-10-16 15:30:48+02:00,nouvelobs_economie,« Il hurlait dans les couloirs » : la grosse colère de Jean-Luc Mélenchon à France-Inter,https://www.nouvelobs.com/politique/20251016.OBS108825/il-hurlait-dans-les-couloirs-la-grosse-colere-de-jean-luc-melenchon-a-france-inter.html,fr,5
2025-10-16 20:49:43.481882+00:00,2025-10-16 15:24:38+02:00,MIMIT,TE Connectivity: azienda smentisce la chiusura del sito di San Salvo al tavolo Mimit,https://www.mimit.gov.it/it/notizie-stampa/te-connectivity-azienda-smentisce-la-chiusura-del-sito-di-san-salvo-al-tavolo-mimit,it,5
2025-10-16 20:49:43.481882+00:00,2025-10-16 15:12:27+02:00,huffingtonpost.fr,On connaît (enfin) la date d’envoi des chèques énergie 2025,https://www.huffingtonpost.fr/economie/article/on-connait-enfin-la-date-d-envoi-des-cheques-energie-2025_256073.html,fr,5
2025-10-16 20:49:43.481882+00:00,2025-10-16 15:08:11+02:00,staffettaquotidiana,Extra-rete: le rilevazioni di Staffetta Prezzi,https://www.staffettaonline.com/articolo.aspx?id=399062,it,5
2025-10-16 20:49:43.481882+00:00,2025-10-16 15:06:34+02:00,staffettaquotidiana,"DL Energia, Pichetto: “praticamente completo”",https://www.staffettaonline.com/articolo.aspx?id=399060,it,4
2025-10-16 20:49:43.481882+00:00,2025-10-16 14:33:24+02:00,nouvelobs_economie,Pourquoi la suspension de la réforme des retraites pourrait ne jamais avoir lieu,https://www.nouvelobs.com/politique/20251016.OBS108821/la-suspension-de-la-reforme-des-retraites-aura-t-elle-vraiment-lieu.html,fr,5
2025-10-16 20:49:43.481882+00:00,2025-10-16 14:22:17+02:00,staffettaquotidiana,"Data center, in Italia 9-12,5 GW al 2050",https://www.staffettaonline.com/articolo.aspx?id=399056,it,4
2025-10-16 20:49:43.481882+00:00,2025-10-16 13:53:46+02:00,Energy_Storage,"‘There will be incidents’: Fire safety risk mitigation, public perception and design factors in BESS asset management",https://www.energy-storage.news/there-will-be-incidents-fire-safety-risk-mitigation-public-perception-and-design-factors-in-bess-asset-management/,en,2
2025-10-16 20:49:43.481882+00:00,2025-10-16 13:31:54+02:00,Energy_Storage,"Chile to reach 2050 energy storage target within next two years, says energy minister",https://www.energy-storage.news/chile-to-reach-2050-energy-storage-target-within-next-two-years-says-energy-minister/,en,4
2025-10-16 20:49:43.481882+00:00,2025-10-16 13:28:10+02:00,Energy_Storage,"State government, project partners inaugurate Germany’s first utility-scale grid-forming BESS",https://www.energy-storage.news/state-government-project-partners-inaugurate-germanys-first-utility-scale-grid-forming-bess/,fr,3
2025-10-16 20:49:43.481882+00:00,2025-10-16 13:11:53+02:00,staffettaquotidiana,Per il parlamento UE va vietato anche l'import di prodotti petroliferi da greggio russo,https://www.staffettaonline.com/articolo.aspx?id=399054,it,5
2025-10-16 20:49:43.481882+00:00,2025-10-16 12:44:44+02:00,Biofuels International,EcoCeres joins the United Nations Global Compact body,https://biofuels-news.com/news/ecoceres-joins-the-united-nations-global-compact-body/,en,5
2025-10-16 20:49:43.481882+00:00,2025-10-16 12:22:27+02:00,MIMIT,"Materie prime critiche: Mimit, Mase e Confindustria in campo per supportare i progetti delle imprese italiane",https://www.mimit.gov.it/it/notizie-stampa/materie-prime-critiche-mimit-mase-e-confindustria-in-campo-per-supportare-i-progetti-delle-imprese-italiane,it,5
2025-10-16 20:49:43.481882+00:00,2025-10-16 12:18:29+02:00,staffettaquotidiana,Greggi instabili. Bank of America vede il Brent sotto quota 50,https://www.staffettaonline.com/articolo.aspx?id=399052,it,5
2025-10-16 20:49:43.481882+00:00,2025-10-16 11:59:43+02:00,staffettaquotidiana,"Terna: pronti a partire 9,9 GW rinnovabili e 5 GW accumuli",https://www.staffettaonline.com/articolo.aspx?id=399049,it,3
2025-10-16 20:49:43.481882+00:00,2025-10-16 11:34:00+02:00,staffettaquotidiana,"Red III, parere del Parlamento entro il 19 novembre",https://www.staffettaonline.com/articolo.aspx?id=399048,it,2
2025-10-16 20:49:43.481882+00:00,2025-10-16 10:52:23+02:00,staffettaquotidiana,"Aree di accelerazione, parte la Lombardia
Fotovoltaico, autorizzati 76 MW",https://www.staffettaonline.com/articolo.aspx?id=399046,it,5
2025-10-16 20:49:43.481882+00:00,2025-10-16 10:38:15+02:00,staffettaquotidiana,"Comunità energetiche, il 30 novembre chiude lo sportello",https://www.staffettaonline.com/articolo.aspx?id=399045,it,5
2025-10-16 20:49:43.481882+00:00,2025-10-16 10:15:34+02:00,e-fuels,"Sasol, Topsoe, DLR and Griesemann Join Forces on Germany’s Largest e-Fuels Demonstration Plant",https://global-efuels.com/news/sasol-topsoe-dlr-and-griesemann-join-forces-on-germanys-largest-e-fuels-demonstration-plant/,en,5
2025-10-16 20:49:43.481882+00:00,2025-10-16 07:22:40+02:00,Biofuels International,German 2025 soybean harvest to reach record level,https://biofuels-news.com/news/german-2025-soybean-harvest-to-reach-record-level/,en,5
2025-10-16 20:49:43.481882+00:00,2025-10-16 07:00:17+02:00,Biofuels International,Advanced filtration: Enabling sustainable conversion of biomass to SAF,https://biofuels-news.com/news/advanced-filtration-enabling-sustainable-conversion-of-biomass-to-saf/,en,1
2025-10-16 20:49:43.481882+00:00,2025-10-16 05:09:36+02:00,Energy_Storage,Octopus Australia acquires 400MWh Coleambally battery project in New South Wales,https://www.energy-storage.news/octopus-australia-acquires-400mwh-coleambally-battery-project-in-new-south-wales/,en,3
2025-10-16 20:49:43.481882+00:00,2025-10-16 04:55:02+02:00,Energy_Storage,Spanish utility Iberdrola acquires 1GWh Tungkillo battery storage project in South Australia,https://www.energy-storage.news/spanish-utility-iberdrola-acquires-1gwh-tungkillo-battery-storage-project-in-south-australia/,en,2
2025-10-16 20:49:43.481882+00:00,2025-10-16 02:00:00+02:00,IndustriAmbiente,"España avanza con retraso en 6 de los 8 objetivos legales de residuos municipales, según el nuevo informe de la Fundación Fórum Ambiental",https://www.industriambiente.com/noticias/20251016/espana-avanza-con-retraso-en-6-8-objetivos-legales-residuos-municipales-segun-nuevo-informe-fundacion-forum-ambiental,es,2
2025-10-16 20:49:43.481882+00:00,2025-10-16 02:00:00+02:00,IndustriAmbiente,Madrid acogerá la RMS 2025: líderes mundiales sellarán un pacto global por el agua y la resiliencia climática,https://www.industriambiente.com/noticias/20251016/madrid-acogera-rms-2025-lideres-mundiales-sellaran-un-pacto-global-agua-resiliencia-climatica,es,5
2025-10-16 20:49:43.481882+00:00,2025-10-16 02:00:00+02:00,IndustriAmbiente,La tecnología de transmisión Allison eleva el rendimiento y confort de la flota de Renova,https://www.industriambiente.com/noticias/20251016/una-empresa-sueca-residuos-confia-en-allison-transmission-satisfacer-exigencias-intensas-rutas-con-ciclos-arranque-parada-en-gotemburgo,es,5
2025-10-16 20:49:43.481882+00:00,2025-10-16 02:00:00+02:00,IndustriAmbiente,El almacenamiento despega en España: casi 3.500 MW en nuevos proyectos y 300 MW autorizados en el tercer trimestre,https://www.industriambiente.com/noticias/20251016/-almacenamiento-despega-en-espana-casi-3500-mw-en-nuevos-proyectos-300-mw-autorizados-en-tercer-trimestre,es,2
2025-10-16 20:49:43.481882+00:00,2025-10-16 02:00:00+02:00,IndustriAmbiente,Endesa inaugura su primera planta solar en España hibridada con sistema de baterías de litio,https://www.industriambiente.com/noticias/20251016/endesa-inaugura-su-primera-planta-solar-en-espana-hibridada-con-sistema-baterias-litio,es,2
2025-10-16 00:02:29+00:00,2025-10-16 02:00:00+02:00,IndustriAmbiente,Pollutec 2025 cierra con una gran dinámica y confirma su posición como feria imprescindible de soluciones para el medio ambiente,https://www.industriambiente.com/noticias/20251016/pollutec-2025-cierra-con-una-gran-dinamica-confirma-su-posicion-como-feria-imprescindible-soluciones-medio-ambiente,es,5
2025-10-15 00:07:19+00:00,2025-10-16 02:00:00+02:00,IndustriAmbiente,"Molecor, expositor en la 15ª Feria del Instalador de Coplasa",https://www.industriambiente.com/noticias/20251016/molecor-expositor-en-15a-feria-instalador-coplasa,es,5
2025-10-16 20:49:43.481882+00:00,2025-10-16 02:00:00+02:00,IndustriAmbiente,Workshop Pamplona 2025,https://www.industriambiente.com/eventos/workshop-contaminantes-emergentes-bacterias-genes-resistencia-antibioticos-eliminacion-en-edar,es,5
2025-10-16 20:49:43.481882+00:00,2025-10-16 02:00:00+02:00,IndustriAmbiente,Almacenamiento de Energía y Transición Ecológica,https://www.industriambiente.com/eventos/almacenamiento-energia-transicion-ecologica,es,4
2025-10-16 20:49:43.481882+00:00,2025-10-16 02:00:00+02:00,iaea,Food Safety: Costa Rica’s Growing Export,http://www.iaea.org/newscenter/multimedia/videos/food-safety-costa-ricas-growing-export,en,5
2025-10-16 15:16:08+00:00,2025-10-15 21:49:45+02:00,nouvelobs_economie,"« Molière pouvait écrire une pièce en deux semaines. Avec l’IA, on a mis deux ans »",https://www.nouvelobs.com/economie/20251015.OBS108787/moliere-pouvait-ecrire-une-piece-en-deux-semaines-avec-l-ia-on-a-mis-deux-ans.html,fr,4
2025-10-16 14:19:23+00:00,2025-10-15 20:20:52+02:00,nouvelobs_economie,CDI senior : le Parlement approuve définitivement sa création pour les plus de 60 ans,https://www.nouvelobs.com/politique/20251015.OBS108809/cdi-senior-le-parlement-approuve-definitivement-sa-creation-pour-les-plus-de-60-ans.html,fr,5
2025-10-15 15:03:16+00:00,2025-10-15 18:35:42+02:00,MIMIT,"Valentini (Mimit): contesto complesso, servono politiche industriali coraggiose",https://www.mimit.gov.it/it/notizie-stampa/valentini-mimit-contesto-complesso-servono-politiche-industriali-coraggiose-2025,it,5
2025-10-15 00:06:33+00:00,2025-10-15 18:15:50+02:00,nouvelobs_economie,"« Une vraie victoire » pour la CFDT, les organisations patronales inquiètes… Les réactions après la suspension de la réforme des retraites par Lecornu",https://www.nouvelobs.com/politique/20251015.OBS108784/une-vraie-victoire-pour-la-cfdt-les-organisations-patronales-inquietes-les-reactions-apres-la-suspension-de-la-reforme-des-retraites-par-lecornu.html,fr,5
2025-10-16 20:49:43.481882+00:00,2025-10-15 17:42:03+02:00,nouvelobs_economie,"Age de départ, combien de concernés, durée de cotisation… Ce que change la suspension de la réforme des retraites",https://www.nouvelobs.com/economie/20251015.OBS108793/age-de-depart-combien-de-concernes-duree-de-cotisation-ce-que-changerait-la-suspension-de-la-reforme-des-retraites.html,fr,5
2025-10-14 14:31:48+00:00,2025-10-15 17:28:13+02:00,e-fuels,VSPARTICLE and Plug Power Breakthrough Brings $1/kg Green Hydrogen Within Reach,https://global-efuels.com/news/vsparticle-and-plug-power-breakthrough-brings-1-kg-green-hydrogen-within-reach/,en,4
2025-10-14 00:00:23+00:00,2025-10-15 16:26:56+02:00,e-fuels,NH3 Clean Energy Raises $4 Million to Advance WAH2 Clean Ammonia Project,https://global-efuels.com/news/nh3-clean-energy-raises-4-million-to-advance-wah2-clean-ammonia-project/,en,4
2025-10-16 20:49:43.481882+00:00,2025-10-15 16:04:28+02:00,Energy_Storage,"US ROUNDUP: ESS Inc LDES pilot, investments in Energy Vault, NineDot",https://www.energy-storage.news/us-roundup-ess-inc-ldes-pilot-investments-in-energy-vault-ninedot/,en,4
2025-10-16 15:08:56+00:00,2025-10-15 16:00:00+02:00,eia_energy,Winter residential energy expenditures vary by heating fuel,https://www.eia.gov/todayinenergy/detail.php?id=66364,en,4
2025-10-16 14:38:18+00:00,2025-10-15 15:27:17+02:00,Energy_Storage,"Long-term risk, KPIs and the value of developers and optimisers in BESS asset management",https://www.energy-storage.news/long-term-risk-kpis-and-the-value-of-developers-and-optimisers-in-bess-asset-management/,en,2
2025-10-16 20:49:43.481882+00:00,2025-10-15 14:41:13+02:00,MIMIT,"Moda: Urso incontra le associazioni di settore, “Sistema Italia compatto nella tutela e difesa del Made in Italy della moda”",https://www.mimit.gov.it/it/notizie-stampa/moda-urso-incontra-le-associazioni-di-settore-sistema-italia-compatto-nella-tutela-e-difesa-del-made-in-italy-della-moda,it,2
2025-10-16 20:49:43.481882+00:00,2025-10-15 12:17:50+02:00,MIMIT,Inaugurata al MIMIT la mostra dedicata al Mulino Bianco per i suoi 50 anni,https://www.mimit.gov.it/it/notizie-stampa/inaugurata-al-mimit-la-mostra-dedicata-al-mulino-bianco-per-i-suoi-50-anni,it,5
2025-10-16 20:49:43.481882+00:00,2025-10-15 10:34:03+02:00,MIMIT,"Mimit, presentato francobollo per il Centenario dell’intelligence italiana",https://www.mimit.gov.it/it/notizie-stampa/mimit-presentato-francobollo-per-il-centenario-dellintelligence-italiana,it,5
2025-10-16 20:49:43.481882+00:00,2025-10-15 08:02:34+02:00,nouvelobs_economie,"L’IA à l’école : « Si vous demandez à un robot de corriger des copies, il manquera toujours cette petite remarque qui encourage l’élève »",https://www.nouvelobs.com/societe/20251015.OBS108775/l-ia-a-l-ecole-si-vous-demandez-a-un-robot-de-corriger-des-copies-il-manquera-toujours-cette-petite-remarque-qui-encourage-l-eleve.html,fr,5
2025-10-15 00:06:37+00:00,2025-10-15 02:00:00+02:00,IndustriAmbiente,Atlantic Green Hub,https://www.industriambiente.com/eventos/atlantic-green-hub,en,1
2025-10-14 14:47:03+00:00,2025-10-15 02:00:00+02:00,IndustriAmbiente,Telpark ofrece recarga gratuita para vehículos eléctricos en 14 ciudades con el apoyo de AEDIVE,https://www.industriambiente.com/noticias/20251015/telpark-ofrece-recarga-gratuita-vehiculos-electricos-en-14-ciudades-con-apoyo-aedive,es,5
2025-10-14 10:37:57+00:00,2025-10-15 02:00:00+02:00,IndustriAmbiente,Un proyecto reutiliza aceite de cocina usado para fabricar detergentes sostenibles de uso doméstico,https://www.industriambiente.com/noticias/20251015/un-proyecto-reutiliza-aceite-cocina-usado-fabricar-detergentes-sostenibles-uso-domestico,es,3
2025-10-14 00:00:24+00:00,2025-10-15 02:00:00+02:00,IndustriAmbiente,ACERTA obtiene la acreditación de ENAC para la verificación de Certificados de Ahorro Energético (CAE),https://www.industriambiente.com/productos/20251015/acerta-obtiene-acreditacion-enac-verificacion-certificados-ahorro-energetico-cae,es,5
2025-10-16 14:42:24+00:00,2025-10-14 10:22:01+02:00,Biofuels International,Shell swallows financial hit after scrapping Rotterdam biofuels project,https://biofuels-news.com/news/shell-swallows-financial-hit-after-scrapping-rotterdam-biofuels-project/,en,3
2025-10-16 13:48:07+00:00,2025-10-14 09:19:51+02:00,Biofuels International,Moeve becomes first external SAF supplier to join Avelia,https://biofuels-news.com/news/moeve-becomes-first-external-saf-supplier-to-join-avelia/,en,1
2025-10-16 11:13:17+00:00,2025-10-14 09:00:54+02:00,Biofuels International,JAL invests in biorefinery that will produce SAF,https://biofuels-news.com/news/jal-invests-in-biorefinery-that-will-produce-saf/,en,1
2025-10-16 10:52:37+00:00,2025-10-14 07:56:22+02:00,nouvelobs_economie,"Suspension, décalage… Comprendre le débat politique (et sémantique) sur la réforme des retraites",https://www.nouvelobs.com/economie/20251014.OBS108734/suspension-decalage-comprendre-le-debat-politique-et-semantique-sur-la-reforme-des-retraites.html,fr,5
2025-10-16 14:12:25+00:00,2025-10-14 07:52:24+02:00,nouvelobs_economie,"Rues inondées, électricité coupée, habitants évacués par milliers…. Quand Paris se prépare à une crue majeure de la Seine",https://www.nouvelobs.com/ecologie/20251013.OBS108725/rues-inondees-electricite-coupee-habitants-evacues-par-milliers-quand-paris-se-prepare-a-la-crue-du-siecle.html,fr,5
2025-10-16 13:30:02+00:00,2025-10-14 07:00:25+02:00,Biofuels International,Future developments in the biofuels sphere,https://biofuels-news.com/news/future-developments-in-the-biofuels-sphere/,en,5
2025-10-16 11:09:11+00:00,2025-10-14 06:00:15+02:00,nouvelobs_economie,"Placements : livrets bancaires, comptes rémunérés et comptes à terme ont la cote",https://www.nouvelobs.com/economie/20251014.OBS108731/placements-livrets-bancaires-comptes-remuneres-et-comptes-a-terme-ont-la-cote.html,fr,5
2025-10-16 09:09:39+00:00,2025-10-14 02:26:24+02:00,Energy_Storage,Epic Energy brings 200MWh Mannum battery storage system online in South Australia,https://www.energy-storage.news/epic-energy-brings-200mwh-mannum-battery-storage-system-online-in-south-australia/,en,4
2025-10-15 11:02:59+00:00,2025-10-14 02:23:44+02:00,Energy_Storage,"‘NEM-specific battery optimisers’ capture more revenue during the market volatility around AU$20,300/MWh NSW price spike",https://www.energy-storage.news/nem-specific-battery-optimisers-capture-more-revenue-during-au20300-mwh-nsw-price-spike/,en,1
2025-10-15 06:45:19+00:00,2025-10-14 02:00:00+02:00,iaea,Impact of IAEA Technical Cooperation Highlighted at IAEA General Conference,http://www.iaea.org/newscenter/multimedia/photoessays/impact-of-iaea-technical-cooperation-highlighted-at-iaea-general-conference,en,5
2025-10-14 10:06:41+00:00,2025-10-14 00:00:00+02:00,eu_consilium_energy,WK 11877 2020 ADD 12,https://data.consilium.europa.eu/doc/document/WK-11877-2020-ADD-12/en/pdf,en,5
2025-10-14 06:31:47+00:00,2025-10-14 00:00:00+02:00,eu_consilium_energy,WK 11877 2020 ADD 9,https://data.consilium.europa.eu/doc/document/WK-11877-2020-ADD-9/en/pdf,en,5
2025-10-15 12:04:01+00:00,2025-10-14 00:00:00+02:00,eu_consilium_energy,ST 13014 2025 INIT,https://data.consilium.europa.eu/doc/document/ST-13014-2025-INIT/en/pdf,en,5
2025-10-14 11:04:10+00:00,2025-10-14 00:00:00+02:00,eu_consilium_energy,WK 11877 2020 ADD 14,https://data.consilium.europa.eu/doc/document/WK-11877-2020-ADD-14/en/pdf,en,5
2025-10-15 14:37:07+00:00,2025-10-14 00:00:00+02:00,eu_consilium_energy,WK 11877 2020 ADD 3,https://data.consilium.europa.eu/doc/document/WK-11877-2020-ADD-3/en/pdf,en,5
2025-10-16 12:00:00+00:00,2025-10-13 11:09:13+02:00,bioenergy_news,Drax’s Gloster biomass plant faces new permit hearing,https://www.bioenergy-news.com/news/draxs-gloster-biomass-plant-faces-new-permit-hearing/,en,1
2025-10-16 20:49:43.481882+00:00,2025-10-10 09:22:07+02:00,bioenergy_news,CycleØ’s proposed Kildare biomethane plant is refused permission,https://www.bioenergy-news.com/news/cycleos-proposed-kildare-biomethane-plant-is-refused-permission/,en,1
2025-10-16 20:49:43.481882+00:00,2025-10-10 09:11:44+02:00,bioenergy_news,Drax partners with NGIS to map carbon stocks in North American forests,https://www.bioenergy-news.com/news/drax-partners-with-ngis-to-map-carbon-stocks-in-north-american-forests/,en,5
2025-10-16 20:49:43.481882+00:00,2025-10-10 09:02:33+02:00,bioenergy_news,Clarke Energy commissions first membrane-based biogas upgrader in India,https://www.bioenergy-news.com/news/clarke-energy-commissions-first-membrane-based-biogas-upgrader-in-india/,en,4
2025-10-16 20:49:43.481882+00:00,2025-10-10 07:54:27+02:00,Biofuels International,BiofuelsPartners and EnergyPro create new strategic alliance,https://biofuels-news.com/news/biofuelspartners-and-energypro-create-new-strategic-alliance/,en,5
2025-10-16 20:49:43.481882+00:00,2025-10-10 07:00:10+02:00,Biofuels International,Advanced biofuels from waste,https://biofuels-news.com/news/advanced-biofuels-from-waste/,en,5
2025-10-16 20:49:43.481882+00:00,2025-10-10 02:00:00+02:00,iaea,An Important Step for the Global Nuclear Liability Regime: UK Accedes to the CSC,http://www.iaea.org/newscenter/news/an-important-step-for-the-global-nuclear-liability-regime-uk-accedes-to-the-csc,en,5
2025-10-16 20:49:43.481882+00:00,2025-10-09 17:34:38+02:00,Energy_EU,President von der Leyen announces €618 million package to scale up renewables in Africa at Global Gateway Forum,https://ec.europa.eu/commission/presscorner/detail/en/ip_25_2335,en,3
2025-10-16 20:49:43.481882+00:00,2025-10-09 17:26:38+02:00,LeMonde - fossile,"En Serbie, l’approvisionnement en hydrocarbures stoppé par les sanctions américaines visant le pétrole russe",https://www.lemonde.fr/economie/article/2025/10/09/en-serbie-l-approvisionnement-en-hydrocarbures-stoppe-par-les-sanctions-americaines-visant-le-petrole-russe_6645514_3234.html,fr,5
2025-10-16 20:49:43.481882+00:00,2025-10-09 17:22:23+02:00,Energy_EU,"The EU is prepared for winter and beyond, confirms the latest report of European transmission system operators for gas",https://energy.ec.europa.eu/news/eu-prepared-winter-and-beyond-confirms-latest-report-european-transmission-system-operators-gas-2025-10-09_en,en,1
2025-10-16 20:49:43.481882+00:00,2025-10-09 16:00:00+02:00,eia_energy,Expanding strategic oil stocks in China support crude oil prices,https://www.eia.gov/todayinenergy/detail.php?id=66319,en,5
2025-10-16 20:49:43.481882+00:00,2025-10-09 12:22:54+02:00,SAMRD,Niedrigere Kosten und Maßnahmenvolumen,https://www.smard.de/page/home/topic-article/444/217926/niedrigere-kosten-und-massnahmenvolumen,de,5
2025-10-16 20:49:43.481882+00:00,2025-10-09 10:30:57+02:00,LeTemps,"L’électricité, ce caillou dans la chaussure de Trump",https://www.letemps.ch/articles/l-electricite-ce-caillou-dans-la-chaussure-de-trump,fr,5
2025-10-16 20:49:43.481882+00:00,2025-10-09 10:23:22+02:00,bioenergy_news,EnviTec Biogas secures first biogas upgrading project in Belgium,https://www.bioenergy-news.com/news/envitec-biogas-secures-first-biogas-upgrading-project-in-belgium/,en,3
2025-10-16 20:49:43.481882+00:00,2025-10-09 10:06:00+02:00,IWKOEL,IMP-Index nach Anstieg nur noch 2 Prozent unter Rekordhoch,https://www.iwkoeln.de/presse/in-den-medien/hubertus-bardt-imp-index-nach-anstieg-nur-noch-2-prozent-unter-rekordhoch.html,de,5
2025-10-16 20:49:43.481882+00:00,2025-10-09 09:43:55+02:00,bioenergy_news,Bunge invests €46.5m in biomass boiler for Hungarian plant,https://www.bioenergy-news.com/news/bunge-invests-e46-5m-in-biomass-boiler-for-hungarian-plant/,en,1
2025-10-16 20:49:43.481882+00:00,2025-10-09 09:26:12+02:00,bioenergy_news,Fourth Ukrainian firm starts biomethane exports to the EU,https://www.bioenergy-news.com/news/fourth-ukrainian-firm-starts-biomethane-exports-to-the-eu/,en,1
2025-10-16 20:49:43.481882+00:00,2025-10-09 08:57:09+02:00,bioenergy_news,Vireo partners with Nordsol to convert local biomass into LBG,https://www.bioenergy-news.com/news/vireo-partners-with-nordsol-to-convert-local-biomass-into-lbg/,en,1
2025-10-16 20:49:43.481882+00:00,2025-10-09 08:50:00+02:00,IWKOEL,Die Rolle der Stadtwerke in der Transformation,https://www.iwkoeln.de/studien/markus-demary-niklas-florian-taft-die-rolle-der-stadtwerke-in-der-transformation.html,de,5
2025-10-16 20:49:43.481882+00:00,2025-10-09 07:41:42+02:00,Biofuels International,Bangkok Airways introduces SAF on commercial flights,https://biofuels-news.com/news/bangkok-airways-introduces-saf-on-commercial-flights/,en,1
2025-10-16 20:49:43.481882+00:00,2025-10-09 07:00:17+02:00,Biofuels International,Recent advancements in algae technology,https://biofuels-news.com/news/recent-advancements-in-algae-technology/,en,5
2025-10-16 20:49:43.481882+00:00,2025-10-09 02:00:00+02:00,iaea,Update 320 – IAEA Director General Statement on Situation in Ukraine,http://www.iaea.org/newscenter/pressreleases/update-320-iaea-director-general-statement-on-situation-in-ukraine,en,5
2025-10-16 20:49:43.481882+00:00,2025-10-09 02:00:00+02:00,iaea,IAEA Concludes Long Term Operational Safety Review of Armenia’s Nuclear Power Plant,http://www.iaea.org/newscenter/pressreleases/iaea-concludes-long-term-operational-safety-review-of-armenias-nuclear-power-plant,en,4
2025-10-16 20:49:43.481882+00:00,2025-10-09 02:00:00+02:00,iaea,IAEA and OPEC Fund Conduct Technical Visit to Expand Cancer Services in the DRC,http://www.iaea.org/newscenter/news/iaea-and-opec-fund-conduct-technical-visit-to-expand-cancer-services-in-the-drc,en,5
2025-10-16 20:49:43.481882+00:00,2025-10-08 21:29:57+02:00,LeTemps,Le législatif de Val de Bagnes vote le sauvetage «coûteux» du distributeur d’électricité Altis,https://www.letemps.ch/articles/le-legislatif-de-val-de-bagnes-vote-le-sauvetage-couteux-du-distributeur-d-electricite-altis,fr,5
2025-10-16 20:49:43.481882+00:00,2025-10-08 17:09:17+02:00,LeMonde - fossile,"En mer Baltique, la menace des pétroliers fantômes russes : espionnage, sabotage…",https://www.lemonde.fr/economie/article/2025/10/08/espionnage-sabotage-en-mer-baltique-la-menace-des-petroliers-fantomes-russes_6645365_3234.html,fr,5
2025-10-16 20:49:43.481882+00:00,2025-10-08 12:20:43+02:00,Energy_EU,Next Generation EU drives sustainable growth across the EU,https://ec.europa.eu/commission/presscorner/detail/en/ip_25_2320,en,5
2025-10-16 20:49:43.481882+00:00,2025-10-08 12:17:07+02:00,Energy_EU,October infringement package – key decisions on energy,https://energy.ec.europa.eu/news/october-infringement-package-key-decisions-energy-2025-10-08_en,en,4
2025-10-16 20:49:43.481882+00:00,2025-10-08 11:50:16+02:00,Biofuels International,Growing potential,https://biofuels-news.com/news/growing-potential/,en,5
2025-10-16 20:49:43.481882+00:00,2025-10-08 10:19:25+02:00,Biofuels International,Lincolnway Energy implements Whitefox technology to hit record production volumes,https://biofuels-news.com/news/lincolnway-energy-implements-whitefox-technology-to-hit-record-production-volumes/,en,4
2025-10-16 20:49:43.481882+00:00,2025-10-08 09:00:45+02:00,bioenergy_news,Goldman Sachs-backed Verdalia Bioenergy secures €671m in debt financing,https://www.bioenergy-news.com/news/goldman-sachs-backed-verdalia-bioenergy-secures-e671m-in-debt-financing/,en,5
2025-10-16 20:49:43.481882+00:00,2025-10-08 09:00:33+02:00,bioenergy_news,E.ON and Amey team up to expand Sheffield biomass heat network,https://www.bioenergy-news.com/news/e-on-and-amey-team-up-to-expand-sheffield-biomass-heat-network/,en,1
2025-10-16 20:49:43.481882+00:00,2025-10-08 09:00:32+02:00,bioenergy_news,New RNG plant launches at Scott County Landfill,https://www.bioenergy-news.com/news/new-rng-plant-launches-at-scott-county-landfill/,en,5
